company,call_date,t0_trading_date,feat_momentum_5d,feat_volume_surge,target_excess_return,target_label,binary_label,bank_name,ticker,quarter,fiscal_year,is_simulated,sent_asset_quality_net,sent_asset_quality_pos,sent_asset_quality_neg,sent_margins_profitability_net,sent_margins_profitability_pos,sent_margins_profitability_neg,sent_balance_sheet_net,sent_balance_sheet_pos,sent_balance_sheet_neg,sent_capital_liquidity_net,sent_capital_liquidity_pos,sent_capital_liquidity_neg,sent_operating_efficiency_net,sent_operating_efficiency_pos,sent_operating_efficiency_neg
AXISBANK,2022-07-22,2022-07-22,0.1035,0.86,-0.0345,down,0,Axis Bank,AXISBANK.NS,Q1,FY23,False,0.0203,0.5101,0.4899,0.0057,0.5028,0.4972,-0.0176,0.4912,0.5088,0.0215,0.5108,0.4892,0.0438,0.5219,0.4781
AXISBANK,2022-10-22,2022-10-24,0.1171,0.62,-0.0648,down,0,Axis Bank,AXISBANK.NS,Q2,FY23,False,-0.0655,0.4673,0.5327,0.0391,0.5196,0.4804,0.0796,0.5398,0.4602,0.0094,0.5047,0.4953,0.0711,0.5355,0.4645
AXISBANK,2022-01-22,2022-01-24,-0.0113,1.5,0.0848,up,1,Axis Bank,AXISBANK.NS,Q3,FY22,False,0.0926,0.5463,0.4537,-0.0039,0.498,0.502,0.0504,0.5252,0.4748,0.012,0.506,0.494,-0.0158,0.4921,0.5079
AXISBANK,2022-04-22,2022-04-22,-0.0157,1.66,-0.0626,down,0,Axis Bank,AXISBANK.NS,Q4,FY23,False,0.0063,0.5031,0.4969,-0.1168,0.4416,0.5584,-0.0405,0.4798,0.5202,0.0406,0.5203,0.4797,-0.0152,0.4924,0.5076
AXISBANK,2023-07-23,2023-07-24,0.0069,1.02,-0.0223,down,0,Axis Bank,AXISBANK.NS,Q1,FY24,False,0.0342,0.5171,0.4829,0.0786,0.5393,0.4607,0.0593,0.5296,0.4704,0.015,0.5075,0.4925,0.0569,0.5285,0.4715
AXISBANK,2023-10-23,2023-10-23,-0.0403,1.63,0.0287,up,1,Axis Bank,AXISBANK.NS,Q2,FY24,False,0.0504,0.5252,0.4748,0.0614,0.5307,0.4693,-0.024,0.488,0.512,-0.0302,0.4849,0.5151,0.0188,0.5094,0.4906
AXISBANK,2023-01-23,2023-01-23,0.0214,2.18,-0.0403,down,0,Axis Bank,AXISBANK.NS,Q3,FY23,False,-0.0731,0.4635,0.5365,0.1257,0.5628,0.4372,-0.0706,0.4647,0.5353,0.0869,0.5435,0.4565,0.0135,0.5067,0.4933
AXISBANK,2023-04-23,2023-04-24,0.0205,1.07,-0.036,down,0,Axis Bank,AXISBANK.NS,Q4,FY24,False,0.0256,0.5128,0.4872,0.027,0.5135,0.4865,0.0329,0.5165,0.4835,-0.0903,0.4549,0.5451,0.0166,0.5083,0.4917
AXISBANK,2024-07-24,2024-07-24,-0.0497,3.03,-0.0811,down,0,Axis Bank,AXISBANK.NS,Q1,FY25,False,-0.0943,0.4528,0.5472,-0.0514,0.4743,0.5257,-0.0156,0.4922,0.5078,-0.0167,0.4916,0.5084,-0.0513,0.4744,0.5256
AXISBANK,2024-10-24,2024-10-24,0.0314,0.94,0.0013,flat,1,Axis Bank,AXISBANK.NS,Q2,FY25,False,-0.0237,0.4881,0.5119,-0.0782,0.4609,0.5391,0.0849,0.5425,0.4575,0.0466,0.5233,0.4767,-0.0316,0.4842,0.5158
AXISBANK,2024-01-24,2024-01-24,-0.0536,0.97,0.0123,up,1,Axis Bank,AXISBANK.NS,Q3,FY24,False,0.0236,0.5118,0.4882,0.0104,0.5052,0.4948,0.027,0.5135,0.4865,-0.0155,0.4922,0.5078,0.0832,0.5416,0.4584
AXISBANK,2024-04-24,2024-04-24,0.0108,1.41,0.0705,up,1,Axis Bank,AXISBANK.NS,Q4,FY25,False,0.0699,0.5349,0.4651,0.042,0.521,0.479,0.0865,0.5432,0.4568,0.0084,0.5042,0.4958,-0.0436,0.4782,0.5218
AXISBANK,2025-07-20,2025-07-21,-0.0623,0.91,-0.0073,flat,0,Axis Bank,AXISBANK.NS,Q1,FY26,False,0.0132,0.5066,0.4934,0.023,0.5115,0.4885,-0.0527,0.4736,0.5264,0.0194,0.5097,0.4903,0.0008,0.5004,0.4996
AXISBANK,2025-10-20,2025-10-20,0.0306,0.89,0.013,up,1,Axis Bank,AXISBANK.NS,Q2,FY26,False,-0.0221,0.489,0.511,0.0712,0.5356,0.4644,0.0312,0.5156,0.4844,-0.0057,0.4971,0.5029,0.0677,0.5338,0.4662
AXISBANK,2025-01-20,2025-01-20,-0.0584,1.37,-0.0183,down,0,Axis Bank,AXISBANK.NS,Q3,FY25,False,0.0314,0.5157,0.4843,-0.089,0.4555,0.5445,0.061,0.5305,0.4695,0.0057,0.5028,0.4972,0.0356,0.5178,0.4822
AXISBANK,2025-04-20,2025-04-21,0.152,1.07,-0.0331,down,0,Axis Bank,AXISBANK.NS,Q4,FY26,False,-0.0521,0.4739,0.5261,0.0097,0.5049,0.4951,0.0764,0.5382,0.4618,-0.0669,0.4665,0.5335,0.0498,0.5249,0.4751
AXISBANK,2026-07-21,2026-07-21,-0.0451,0.76,-0.0192,down,0,Axis Bank,AXISBANK.NS,Q1,FY27,False,0.0225,0.5112,0.4888,0.0152,0.5076,0.4924,-0.0468,0.4766,0.5234,0.1436,0.5718,0.4282,0.0629,0.5315,0.4685
AXISBANK,2026-10-21,2026-10-21,0.017,1.27,0.0194,up,1,Axis Bank,AXISBANK.NS,Q2,FY27,True,0.0449,0.5225,0.4775,0.0817,0.5409,0.4591,0.0113,0.5057,0.4943,0.0489,0.5244,0.4756,-0.0066,0.4967,0.5033
AXISBANK,2026-01-21,2026-01-21,-0.0107,2.17,0.0509,up,1,Axis Bank,AXISBANK.NS,Q3,FY26,False,0.0135,0.5068,0.4932,0.0527,0.5264,0.4736,0.0305,0.5153,0.4847,-0.0106,0.4947,0.5053,0.0454,0.5227,0.4773
AXISBANK,2026-04-21,2026-04-21,0.0178,1.09,-0.0407,down,0,Axis Bank,AXISBANK.NS,Q4,FY27,False,0.0537,0.5269,0.4731,-0.0936,0.4532,0.5468,0.0364,0.5182,0.4818,0.0531,0.5266,0.4734,-0.003,0.4985,0.5015
AXISBANK,2027-07-22,2027-07-22,0.0356,1.16,0.0,flat,0,Axis Bank,AXISBANK.NS,Q1,FY28,True,0.0198,0.5099,0.4901,-0.0075,0.4963,0.5037,0.0407,0.5203,0.4797,-0.0223,0.4889,0.5111,-0.0316,0.4842,0.5158
AXISBANK,2027-10-22,2027-10-22,-0.0053,0.97,-0.0151,down,0,Axis Bank,AXISBANK.NS,Q2,FY28,True,-0.025,0.4875,0.5125,0.0296,0.5148,0.4852,0.0306,0.5153,0.4847,0.0119,0.506,0.494,0.0045,0.5023,0.4977
AXISBANK,2027-01-22,2027-01-22,-0.0305,0.96,0.0318,up,1,Axis Bank,AXISBANK.NS,Q3,FY27,True,0.0267,0.5133,0.4867,-0.0597,0.4702,0.5298,0.0329,0.5164,0.4836,0.1144,0.5572,0.4428,0.0131,0.5065,0.4935
AXISBANK,2027-04-22,2027-04-22,-0.0142,0.83,-0.0279,down,0,Axis Bank,AXISBANK.NS,Q4,FY28,True,-0.0093,0.4954,0.5046,-0.0238,0.4881,0.5119,-0.0258,0.4871,0.5129,0.0224,0.5112,0.4888,-0.04,0.48,0.52
HDFCBANK,2022-07-22,2022-07-22,0.0224,0.79,0.0037,flat,1,HDFC Bank,HDFCBANK.NS,Q1,FY23,False,0.0605,0.5302,0.4698,-0.139,0.4305,0.5695,0.0468,0.5234,0.4766,0.1211,0.5606,0.4394,0.0224,0.5112,0.4888
HDFCBANK,2022-10-22,2022-10-24,0.01,1.03,0.0123,up,1,HDFC Bank,HDFCBANK.NS,Q2,FY23,False,0.0412,0.5206,0.4794,0.0576,0.5288,0.4712,-0.0093,0.4953,0.5047,-0.0662,0.4669,0.5331,0.0942,0.5471,0.4529
HDFCBANK,2022-01-22,2022-01-24,-0.0229,1.16,-0.018,down,0,HDFC Bank,HDFCBANK.NS,Q3,FY22,False,0.1011,0.5505,0.4495,-0.0654,0.4673,0.5327,0.0564,0.5282,0.4718,0.0131,0.5065,0.4935,-0.0043,0.4978,0.5022
HDFCBANK,2022-04-22,2022-04-22,-0.0746,0.42,0.0254,up,1,HDFC Bank,HDFCBANK.NS,Q4,FY23,False,-0.0337,0.4832,0.5168,0.0457,0.5229,0.4771,-0.0633,0.4684,0.5316,0.014,0.507,0.493,0.053,0.5265,0.4735
HDFCBANK,2023-07-23,2023-07-24,-0.0003,0.79,-0.0203,down,0,HDFC Bank,HDFCBANK.NS,Q1,FY24,False,0.0688,0.5344,0.4656,0.0147,0.5074,0.4926,-0.003,0.4985,0.5015,0.0724,0.5362,0.4638,-0.1166,0.4417,0.5583
HDFCBANK,2023-10-23,2023-10-23,-0.0154,1.21,-0.0091,flat,0,HDFC Bank,HDFCBANK.NS,Q2,FY24,False,0.0392,0.5196,0.4804,0.1119,0.556,0.444,0.0538,0.5269,0.4731,0.1237,0.5619,0.4381,-0.1322,0.4339,0.5661
HDFCBANK,2023-01-23,2023-01-23,0.0554,1.42,-0.0164,down,0,HDFC Bank,HDFCBANK.NS,Q3,FY23,False,0.0063,0.5032,0.4968,0.0361,0.5181,0.4819,0.0756,0.5378,0.4622,-0.0401,0.4799,0.5201,0.1329,0.5665,0.4335
HDFCBANK,2023-04-23,2023-04-24,0.0129,1.32,-0.0233,down,0,HDFC Bank,HDFCBANK.NS,Q4,FY24,False,0.1019,0.5509,0.4491,-0.0102,0.4949,0.5051,0.0445,0.5223,0.4777,-0.0813,0.4593,0.5407,-0.0089,0.4956,0.5044
HDFCBANK,2024-07-24,2024-07-24,-0.0097,1.18,-0.0147,down,0,HDFC Bank,HDFCBANK.NS,Q1,FY25,False,0.0256,0.5128,0.4872,0.044,0.522,0.478,-0.0292,0.4854,0.5146,-0.0205,0.4897,0.5103,0.0536,0.5268,0.4732
HDFCBANK,2024-10-24,2024-10-24,0.0457,0.87,0.0,flat,0,HDFC Bank,HDFCBANK.NS,Q2,FY25,False,0.08,0.54,0.46,0.0218,0.5109,0.4891,0.0285,0.5142,0.4858,0.0262,0.5131,0.4869,0.0571,0.5286,0.4714
HDFCBANK,2024-01-24,2024-01-24,-0.133,0.56,-0.0042,flat,0,HDFC Bank,HDFCBANK.NS,Q3,FY24,False,-0.0038,0.4981,0.5019,0.0035,0.5018,0.4982,0.0055,0.5028,0.4972,-0.0115,0.4943,0.5057,-0.0035,0.4982,0.5018
HDFCBANK,2024-04-24,2024-04-24,0.0016,1.07,0.0026,flat,1,HDFC Bank,HDFCBANK.NS,Q4,FY25,False,-0.0731,0.4635,0.5365,0.0083,0.5041,0.4959,0.054,0.527,0.473,0.0793,0.5396,0.4604,0.0682,0.5341,0.4659
HDFCBANK,2025-07-20,2025-07-21,0.0088,0.9,0.0228,up,1,HDFC Bank,HDFCBANK.NS,Q1,FY26,False,0.0937,0.5468,0.4532,0.0188,0.5094,0.4906,0.109,0.5545,0.4455,0.0784,0.5392,0.4608,-0.0241,0.4879,0.5121
HDFCBANK,2025-10-20,2025-10-20,0.0266,1.01,-0.003,flat,0,HDFC Bank,HDFCBANK.NS,Q2,FY26,False,-0.0508,0.4746,0.5254,0.0054,0.5027,0.4973,-0.0097,0.4952,0.5048,0.0804,0.5402,0.4598,-0.0038,0.4981,0.5019
HDFCBANK,2025-01-20,2025-01-20,0.0125,1.26,0.0091,flat,1,HDFC Bank,HDFCBANK.NS,Q3,FY25,False,0.0224,0.5112,0.4888,0.0809,0.5404,0.4596,-0.0425,0.4787,0.5213,0.0141,0.5071,0.4929,0.0609,0.5305,0.4695
HDFCBANK,2025-04-20,2025-04-21,0.0918,0.88,-0.012,down,0,HDFC Bank,HDFCBANK.NS,Q4,FY26,False,-0.0391,0.4804,0.5196,-0.0065,0.4967,0.5033,0.0675,0.5337,0.4663,0.2157,0.6079,0.3921,0.064,0.532,0.468
HDFCBANK,2026-07-21,2026-07-21,-0.0592,1.11,-0.0258,down,0,HDFC Bank,HDFCBANK.NS,Q1,FY27,False,0.0323,0.5161,0.4839,-0.0424,0.4788,0.5212,-0.1179,0.4411,0.5589,0.0212,0.5106,0.4894,0.0289,0.5144,0.4856
HDFCBANK,2026-10-21,2026-10-21,0.0054,0.83,0.0475,up,1,HDFC Bank,HDFCBANK.NS,Q2,FY27,True,0.0178,0.5089,0.4911,0.029,0.5145,0.4855,-0.0002,0.4999,0.5001,0.1075,0.5537,0.4463,0.0271,0.5135,0.4865
HDFCBANK,2026-01-21,2026-01-21,-0.0055,1.26,0.0061,flat,1,HDFC Bank,HDFCBANK.NS,Q3,FY26,False,-0.0597,0.4702,0.5298,-0.0362,0.4819,0.5181,0.0261,0.5131,0.4869,0.0485,0.5243,0.4757,0.0097,0.5048,0.4952
HDFCBANK,2026-04-21,2026-04-21,0.0215,0.67,-0.0123,down,0,HDFC Bank,HDFCBANK.NS,Q4,FY27,False,0.0737,0.5368,0.4632,-0.0761,0.4619,0.5381,-0.0199,0.4901,0.5099,0.0168,0.5084,0.4916,0.0041,0.502,0.498
HDFCBANK,2027-07-22,2027-07-22,-0.019,1.1,-0.0124,down,0,HDFC Bank,HDFCBANK.NS,Q1,FY28,True,0.0253,0.5127,0.4873,0.0615,0.5308,0.4692,-0.0504,0.4748,0.5252,0.0084,0.5042,0.4958,0.0581,0.5291,0.4709
HDFCBANK,2027-10-22,2027-10-22,-0.008,1.32,-0.0096,flat,0,HDFC Bank,HDFCBANK.NS,Q2,FY28,True,0.0264,0.5132,0.4868,0.0305,0.5153,0.4847,0.0561,0.5281,0.4719,0.0012,0.5006,0.4994,0.0436,0.5218,0.4782
HDFCBANK,2027-01-22,2027-01-22,0.0205,0.86,0.0152,up,1,HDFC Bank,HDFCBANK.NS,Q3,FY27,True,0.0749,0.5375,0.4625,-0.049,0.4755,0.5245,0.0453,0.5226,0.4774,0.0375,0.5188,0.4812,-0.0257,0.4872,0.5128
HDFCBANK,2027-04-22,2027-04-22,-0.0226,1.07,0.0314,up,1,HDFC Bank,HDFCBANK.NS,Q4,FY28,True,0.0177,0.5088,0.4912,0.1378,0.5689,0.4311,0.0559,0.5279,0.4721,0.0586,0.5293,0.4707,0.0259,0.513,0.487
ICICIBANK,2022-07-22,2022-07-22,0.065,1.38,-0.0031,flat,0,ICICI Bank,ICICIBANK.NS,Q1,FY23,False,-0.0181,0.491,0.509,0.0171,0.5086,0.4914,0.0673,0.5336,0.4664,0.0178,0.5089,0.4911,0.0054,0.5027,0.4973
ICICIBANK,2022-10-22,2022-10-24,0.0464,1.14,-0.0425,down,0,ICICI Bank,ICICIBANK.NS,Q2,FY23,False,-0.0469,0.4766,0.5234,0.0171,0.5085,0.4915,0.09,0.545,0.455,0.0444,0.5222,0.4778,0.045,0.5225,0.4775
ICICIBANK,2022-01-22,2022-01-24,-0.0254,1.71,-0.0101,down,0,ICICI Bank,ICICIBANK.NS,Q3,FY22,False,-0.0028,0.4986,0.5014,-0.0211,0.4895,0.5105,0.148,0.574,0.426,0.1066,0.5533,0.4467,0.0258,0.5129,0.4871
ICICIBANK,2022-04-22,2022-04-22,-0.0192,1.19,-0.0018,flat,0,ICICI Bank,ICICIBANK.NS,Q4,FY23,False,0.0443,0.5222,0.4778,0.0319,0.5159,0.4841,-0.0507,0.4746,0.5254,0.0403,0.5201,0.4799,0.0729,0.5364,0.4636
ICICIBANK,2023-07-23,2023-07-24,0.0241,0.92,0.0022,flat,1,ICICI Bank,ICICIBANK.NS,Q1,FY24,False,0.0314,0.5157,0.4843,0.0205,0.5103,0.4897,0.0981,0.549,0.451,0.0883,0.5441,0.4559,-0.0274,0.4863,0.5137
ICICIBANK,2023-10-23,2023-10-23,-0.0225,1.63,-0.0052,flat,0,ICICI Bank,ICICIBANK.NS,Q2,FY24,False,-0.0271,0.4864,0.5136,0.0081,0.504,0.496,0.0582,0.5291,0.4709,0.0087,0.5044,0.4956,-0.0036,0.4982,0.5018
ICICIBANK,2023-01-23,2023-01-23,0.0075,2.6,-0.0205,down,0,ICICI Bank,ICICIBANK.NS,Q3,FY23,False,0.0548,0.5274,0.4726,0.1214,0.5607,0.4393,-0.0321,0.484,0.516,-0.0042,0.4979,0.5021,0.0459,0.523,0.477
ICICIBANK,2023-04-23,2023-04-24,0.0038,1.09,-0.0036,flat,0,ICICI Bank,ICICIBANK.NS,Q4,FY24,False,-0.0437,0.4782,0.5218,-0.063,0.4685,0.5315,0.0581,0.5291,0.4709,0.0709,0.5354,0.4646,-0.0269,0.4865,0.5135
ICICIBANK,2024-07-24,2024-07-24,-0.0136,1.76,-0.0286,down,0,ICICI Bank,ICICIBANK.NS,Q1,FY25,False,0.0088,0.5044,0.4956,-0.0064,0.4968,0.5032,0.0532,0.5266,0.4734,0.0419,0.5209,0.4791,-0.0132,0.4934,0.5066
ICICIBANK,2024-10-24,2024-10-24,0.0175,1.48,0.0395,up,1,ICICI Bank,ICICIBANK.NS,Q2,FY25,False,0.0376,0.5188,0.4812,0.0245,0.5122,0.4878,0.0301,0.5151,0.4849,0.0391,0.5196,0.4804,-0.0288,0.4856,0.5144
ICICIBANK,2024-01-24,2024-01-24,-0.0098,0.76,0.0146,up,1,ICICI Bank,ICICIBANK.NS,Q3,FY24,False,0.0457,0.5228,0.4772,0.0944,0.5472,0.4528,0.0521,0.5261,0.4739,-0.0188,0.4906,0.5094,-0.022,0.489,0.511
ICICIBANK,2024-04-24,2024-04-24,0.0278,1.73,0.028,up,1,ICICI Bank,ICICIBANK.NS,Q4,FY25,False,0.0582,0.5291,0.4709,0.0039,0.5019,0.4981,0.0071,0.5036,0.4964,0.0351,0.5175,0.4825,0.0807,0.5404,0.4596
ICICIBANK,2025-07-20,2025-07-21,0.0301,1.15,0.0318,up,1,ICICI Bank,ICICIBANK.NS,Q1,FY26,False,0.065,0.5325,0.4675,0.0156,0.5078,0.4922,-0.0425,0.4788,0.5212,0.1032,0.5516,0.4484,0.036,0.518,0.482
ICICIBANK,2025-10-20,2025-10-20,0.0079,1.39,-0.0232,down,0,ICICI Bank,ICICIBANK.NS,Q2,FY26,False,-0.0304,0.4848,0.5152,-0.027,0.4865,0.5135,-0.042,0.479,0.521,0.1172,0.5586,0.4414,0.009,0.5045,0.4955
ICICIBANK,2025-01-20,2025-01-20,0.0026,1.29,0.018,up,1,ICICI Bank,ICICIBANK.NS,Q3,FY25,False,-0.0046,0.4977,0.5023,0.0768,0.5384,0.4616,0.0583,0.5291,0.4709,0.0582,0.5291,0.4709,0.0272,0.5136,0.4864
ICICIBANK,2025-04-20,2025-04-21,0.0838,0.98,0.0051,flat,1,ICICI Bank,ICICIBANK.NS,Q4,FY26,False,-0.0038,0.4981,0.5019,0.0184,0.5092,0.4908,0.0578,0.5289,0.4711,0.0135,0.5068,0.4932,0.0112,0.5056,0.4944
ICICIBANK,2026-07-21,2026-07-21,0.0394,0.94,-0.0137,down,0,ICICI Bank,ICICIBANK.NS,Q1,FY27,False,-0.0394,0.4803,0.5197,0.0495,0.5248,0.4752,0.1253,0.5627,0.4373,0.0534,0.5267,0.4733,-0.0114,0.4943,0.5057
ICICIBANK,2026-10-21,2026-10-21,0.0017,0.99,0.0228,up,1,ICICI Bank,ICICIBANK.NS,Q2,FY27,True,0.0008,0.5004,0.4996,0.1223,0.5612,0.4388,-0.0474,0.4763,0.5237,-0.0147,0.4926,0.5074,0.0323,0.5162,0.4838
ICICIBANK,2026-01-21,2026-01-21,-0.0489,1.48,0.0153,up,1,ICICI Bank,ICICIBANK.NS,Q3,FY26,False,0.0364,0.5182,0.4818,0.032,0.516,0.484,-0.0074,0.4963,0.5037,-0.0103,0.4949,0.5051,-0.021,0.4895,0.5105
ICICIBANK,2026-04-21,2026-04-21,0.0276,0.73,-0.0458,down,0,ICICI Bank,ICICIBANK.NS,Q4,FY27,False,0.0306,0.5153,0.4847,-0.0713,0.4644,0.5356,0.0277,0.5138,0.4862,0.0578,0.5289,0.4711,0.0971,0.5486,0.4514
ICICIBANK,2027-07-22,2027-07-22,-0.0052,1.2,-0.0295,down,0,ICICI Bank,ICICIBANK.NS,Q1,FY28,True,0.0903,0.5452,0.4548,0.0388,0.5194,0.4806,-0.0312,0.4844,0.5156,0.1089,0.5545,0.4455,0.0252,0.5126,0.4874
ICICIBANK,2027-10-22,2027-10-22,0.0105,0.98,0.033,up,1,ICICI Bank,ICICIBANK.NS,Q2,FY28,True,-0.0067,0.4966,0.5034,-0.0088,0.4956,0.5044,0.0901,0.5451,0.4549,0.0609,0.5304,0.4696,-0.0552,0.4724,0.5276
ICICIBANK,2027-01-22,2027-01-22,0.0246,1.18,-0.0217,down,0,ICICI Bank,ICICIBANK.NS,Q3,FY27,True,0.0089,0.5044,0.4956,0.0002,0.5001,0.4999,-0.0111,0.4944,0.5056,0.0296,0.5148,0.4852,0.0338,0.5169,0.4831
ICICIBANK,2027-04-22,2027-04-22,0.0106,1.19,-0.0161,down,0,ICICI Bank,ICICIBANK.NS,Q4,FY28,True,0.0864,0.5432,0.4568,-0.0045,0.4977,0.5023,0.0617,0.5308,0.4692,-0.0143,0.4929,0.5071,-0.0378,0.4811,0.5189
KOTAKBANK,2022-07-22,2022-07-22,0.022,0.96,-0.0354,down,0,Kotak Mahindra Bank,KOTAKBANK.NS,Q1,FY23,False,0.0913,0.5457,0.4543,0.0219,0.511,0.489,0.0343,0.5171,0.4829,-0.0324,0.4838,0.5162,0.0123,0.5062,0.4938
KOTAKBANK,2022-10-22,2022-10-24,0.0203,1.48,-0.0163,down,0,Kotak Mahindra Bank,KOTAKBANK.NS,Q2,FY23,False,0.047,0.5235,0.4765,0.1385,0.5692,0.4308,0.0332,0.5166,0.4834,0.1113,0.5557,0.4443,-0.0385,0.4807,0.5193
KOTAKBANK,2022-01-22,2022-01-24,-0.055,2.09,0.0031,flat,1,Kotak Mahindra Bank,KOTAKBANK.NS,Q3,FY22,False,0.0646,0.5323,0.4677,0.0287,0.5143,0.4857,-0.0422,0.4789,0.5211,0.1095,0.5547,0.4453,0.0526,0.5263,0.4737
KOTAKBANK,2022-04-22,2022-04-22,-0.0291,1.0,0.0405,up,1,Kotak Mahindra Bank,KOTAKBANK.NS,Q4,FY23,False,0.0357,0.5178,0.4822,0.106,0.553,0.447,0.0535,0.5267,0.4733,0.0932,0.5466,0.4534,0.0358,0.5179,0.4821
KOTAKBANK,2023-07-23,2023-07-24,0.0001,0.98,-0.0256,down,0,Kotak Mahindra Bank,KOTAKBANK.NS,Q1,FY24,False,0.0214,0.5107,0.4893,-0.0113,0.4943,0.5057,0.0125,0.5063,0.4937,-0.0016,0.4992,0.5008,-0.0105,0.4948,0.5052
KOTAKBANK,2023-10-23,2023-10-23,-0.0051,1.6,0.0097,flat,1,Kotak Mahindra Bank,KOTAKBANK.NS,Q2,FY24,False,0.0235,0.5117,0.4883,-0.0129,0.4936,0.5064,0.0273,0.5137,0.4863,0.0063,0.5032,0.4968,0.0371,0.5186,0.4814
KOTAKBANK,2023-01-23,2023-01-23,-0.0006,1.74,-0.0044,flat,0,Kotak Mahindra Bank,KOTAKBANK.NS,Q3,FY23,False,0.0004,0.5002,0.4998,0.0801,0.54,0.46,0.0329,0.5164,0.4836,-0.0426,0.4787,0.5213,0.0783,0.5392,0.4608
KOTAKBANK,2023-04-23,2023-04-24,0.0011,1.04,-0.0102,down,0,Kotak Mahindra Bank,KOTAKBANK.NS,Q4,FY24,False,0.0027,0.5013,0.4987,0.0915,0.5458,0.4542,0.015,0.5075,0.4925,-0.037,0.4815,0.5185,-0.0021,0.4989,0.5011
KOTAKBANK,2024-07-24,2024-07-24,-0.0317,0.84,0.0133,up,1,Kotak Mahindra Bank,KOTAKBANK.NS,Q1,FY25,False,0.09,0.545,0.455,0.0249,0.5124,0.4876,0.0274,0.5137,0.4863,0.0221,0.511,0.489,-0.0402,0.4799,0.5201
KOTAKBANK,2024-10-24,2024-10-24,-0.0546,0.58,-0.0097,flat,0,Kotak Mahindra Bank,KOTAKBANK.NS,Q2,FY25,False,0.0761,0.538,0.462,-0.0581,0.4709,0.5291,-0.0158,0.4921,0.5079,-0.0062,0.4969,0.5031,0.08,0.54,0.46
KOTAKBANK,2024-01-24,2024-01-24,-0.0321,0.78,0.0077,flat,1,Kotak Mahindra Bank,KOTAKBANK.NS,Q3,FY24,False,0.0638,0.5319,0.4681,0.0267,0.5133,0.4867,0.04,0.52,0.48,-0.0207,0.4897,0.5103,-0.0275,0.4862,0.5138
KOTAKBANK,2024-04-24,2024-04-24,0.028,5.06,-0.1559,down,0,Kotak Mahindra Bank,KOTAKBANK.NS,Q4,FY25,False,-0.013,0.4935,0.5065,-0.0251,0.4875,0.5125,-0.0001,0.5,0.5,0.0257,0.5129,0.4871,0.0226,0.5113,0.4887
KOTAKBANK,2025-07-20,2025-07-21,-0.0164,1.6,-0.0754,down,0,Kotak Mahindra Bank,KOTAKBANK.NS,Q1,FY26,False,-0.0422,0.4789,0.5211,0.017,0.5085,0.4915,-0.147,0.4265,0.5735,0.0208,0.5104,0.4896,0.0119,0.5059,0.4941
KOTAKBANK,2025-10-20,2025-10-20,0.0287,0.99,-0.0275,down,0,Kotak Mahindra Bank,KOTAKBANK.NS,Q2,FY26,False,0.0543,0.5271,0.4729,0.0001,0.5,0.5,0.0045,0.5022,0.4978,0.0055,0.5028,0.4972,-0.0251,0.4875,0.5125
KOTAKBANK,2025-01-20,2025-01-20,0.1048,1.32,0.0017,flat,1,Kotak Mahindra Bank,KOTAKBANK.NS,Q3,FY25,False,0.0356,0.5178,0.4822,-0.0279,0.486,0.514,-0.0035,0.4982,0.5018,0.0302,0.5151,0.4849,0.1004,0.5502,0.4498
KOTAKBANK,2025-04-20,2025-04-21,0.0919,0.85,-0.0155,down,0,Kotak Mahindra Bank,KOTAKBANK.NS,Q4,FY26,False,-0.0325,0.4838,0.5162,0.1019,0.5509,0.4491,0.0538,0.5269,0.4731,-0.0665,0.4667,0.5333,0.0839,0.542,0.458
KOTAKBANK,2026-07-21,2026-07-21,0.021,0.84,0.0067,flat,1,Kotak Mahindra Bank,KOTAKBANK.NS,Q1,FY27,False,0.0599,0.5299,0.4701,0.0496,0.5248,0.4752,-0.0919,0.4541,0.5459,-0.0892,0.4554,0.5446,0.0353,0.5176,0.4824
KOTAKBANK,2026-10-21,2026-10-21,-0.0181,0.86,-0.0074,flat,0,Kotak Mahindra Bank,KOTAKBANK.NS,Q2,FY27,True,-0.0533,0.4733,0.5267,0.0023,0.5011,0.4989,-0.0864,0.4568,0.5432,0.0823,0.5412,0.4588,0.0347,0.5174,0.4826
KOTAKBANK,2026-01-21,2026-01-21,0.0014,1.5,-0.0322,down,0,Kotak Mahindra Bank,KOTAKBANK.NS,Q3,FY26,False,0.078,0.539,0.461,-0.0146,0.4927,0.5073,0.0469,0.5235,0.4765,0.0244,0.5122,0.4878,0.0425,0.5213,0.4787
KOTAKBANK,2026-04-21,2026-04-21,0.0276,0.98,0.0126,up,1,Kotak Mahindra Bank,KOTAKBANK.NS,Q4,FY27,False,0.0002,0.5001,0.4999,0.0785,0.5393,0.4607,-0.037,0.4815,0.5185,-0.012,0.494,0.506,0.0284,0.5142,0.4858
KOTAKBANK,2027-07-22,2027-07-22,0.0026,1.19,0.0119,up,1,Kotak Mahindra Bank,KOTAKBANK.NS,Q1,FY28,True,0.0545,0.5272,0.4728,-0.0039,0.498,0.502,0.0751,0.5375,0.4625,0.071,0.5355,0.4645,0.0119,0.5059,0.4941
KOTAKBANK,2027-10-22,2027-10-22,0.0112,1.27,0.0212,up,1,Kotak Mahindra Bank,KOTAKBANK.NS,Q2,FY28,True,0.0533,0.5266,0.4734,-0.0532,0.4734,0.5266,0.0746,0.5373,0.4627,-0.0459,0.4771,0.5229,0.0345,0.5173,0.4827
KOTAKBANK,2027-01-22,2027-01-22,-0.0484,1.16,-0.0142,down,0,Kotak Mahindra Bank,KOTAKBANK.NS,Q3,FY27,True,0.0883,0.5441,0.4559,0.0368,0.5184,0.4816,-0.0332,0.4834,0.5166,0.1069,0.5534,0.4466,0.0232,0.5116,0.4884
KOTAKBANK,2027-04-22,2027-04-22,0.0058,0.74,0.0097,flat,1,Kotak Mahindra Bank,KOTAKBANK.NS,Q4,FY28,True,0.0591,0.5296,0.4704,-0.0741,0.4629,0.5371,-0.0202,0.4899,0.5101,0.0561,0.528,0.472,-0.0426,0.4787,0.5213
INDUSINDBK,2022-07-22,2022-07-22,0.1563,0.74,0.081,up,1,IndusInd Bank,INDUSINDBK.NS,Q1,FY23,False,-0.016,0.492,0.508,0.0376,0.5188,0.4812,0.1028,0.5514,0.4486,0.0342,0.5171,0.4829,-0.0049,0.4975,0.5025
INDUSINDBK,2022-10-22,2022-10-24,-0.0448,0.44,-0.0188,down,0,IndusInd Bank,INDUSINDBK.NS,Q2,FY23,False,0.0002,0.5001,0.4999,0.0879,0.5439,0.4561,0.0571,0.5285,0.4715,-0.0087,0.4956,0.5044,-0.0391,0.4804,0.5196
INDUSINDBK,2022-01-22,2022-01-24,-0.0752,1.99,0.0585,up,1,IndusInd Bank,INDUSINDBK.NS,Q3,FY22,False,0.0111,0.5056,0.4944,0.0717,0.5358,0.4642,0.0923,0.5461,0.4539,0.0122,0.5061,0.4939,-0.0026,0.4987,0.5013
INDUSINDBK,2022-04-22,2022-04-22,-0.0239,1.17,0.0235,up,1,IndusInd Bank,INDUSINDBK.NS,Q4,FY23,False,0.087,0.5435,0.4565,0.0487,0.5243,0.4757,-0.0386,0.4807,0.5193,0.0743,0.5372,0.4628,0.0891,0.5445,0.4555
INDUSINDBK,2023-07-23,2023-07-24,0.0325,0.49,-0.0166,down,0,IndusInd Bank,INDUSINDBK.NS,Q1,FY24,False,0.0131,0.5065,0.4935,0.0298,0.5149,0.4851,-0.0533,0.4733,0.5267,0.018,0.509,0.491,-0.0193,0.4903,0.5097
INDUSINDBK,2023-10-23,2023-10-23,-0.0079,0.58,0.0149,up,1,IndusInd Bank,INDUSINDBK.NS,Q2,FY24,False,0.0921,0.5461,0.4539,0.0032,0.5016,0.4984,-0.0004,0.4998,0.5002,0.0981,0.5491,0.4509,0.043,0.5215,0.4785
INDUSINDBK,2023-01-23,2023-01-23,-0.0279,1.11,-0.0759,down,0,IndusInd Bank,INDUSINDBK.NS,Q3,FY23,False,-0.0121,0.494,0.506,-0.0318,0.4841,0.5159,0.0035,0.5017,0.4983,-0.0038,0.4981,0.5019,-0.0304,0.4848,0.5152
INDUSINDBK,2023-04-23,2023-04-24,-0.0199,1.16,0.0216,up,1,IndusInd Bank,INDUSINDBK.NS,Q4,FY24,False,-0.0166,0.4917,0.5083,0.0686,0.5343,0.4657,-0.0072,0.4964,0.5036,0.0776,0.5388,0.4612,0.0845,0.5423,0.4577
INDUSINDBK,2024-07-24,2024-07-24,-0.0341,1.39,0.0003,flat,1,IndusInd Bank,INDUSINDBK.NS,Q1,FY25,False,-0.0087,0.4956,0.5044,-0.0723,0.4639,0.5361,0.0729,0.5365,0.4635,-0.018,0.491,0.509,-0.0,0.5,0.5
INDUSINDBK,2024-10-24,2024-10-24,-0.0499,3.84,-0.1674,down,0,IndusInd Bank,INDUSINDBK.NS,Q2,FY25,False,0.1008,0.5504,0.4496,-0.0618,0.4691,0.5309,-0.0373,0.4813,0.5187,0.0615,0.5308,0.4692,-0.0506,0.4747,0.5253
INDUSINDBK,2024-01-24,2024-01-24,-0.1057,0.72,0.0224,up,1,IndusInd Bank,INDUSINDBK.NS,Q3,FY24,False,-0.0107,0.4947,0.5053,0.0661,0.533,0.467,0.0371,0.5186,0.4814,-0.0425,0.4788,0.5212,0.0048,0.5024,0.4976
INDUSINDBK,2024-04-24,2024-04-24,-0.0109,1.39,0.0097,flat,1,IndusInd Bank,INDUSINDBK.NS,Q4,FY25,False,0.0838,0.5419,0.4581,0.0134,0.5067,0.4933,0.0648,0.5324,0.4676,0.0381,0.519,0.481,-0.0169,0.4915,0.5085
INDUSINDBK,2025-07-20,2025-07-21,-0.0101,1.38,-0.0497,down,0,IndusInd Bank,INDUSINDBK.NS,Q1,FY26,False,0.0286,0.5143,0.4857,0.0462,0.5231,0.4769,-0.0242,0.4879,0.5121,-0.0338,0.4831,0.5169,0.0408,0.5204,0.4796
INDUSINDBK,2025-10-20,2025-10-20,-0.0002,1.65,0.049,up,1,IndusInd Bank,INDUSINDBK.NS,Q2,FY26,False,0.043,0.5215,0.4785,-0.0263,0.4869,0.5131,-0.0134,0.4933,0.5067,0.0736,0.5368,0.4632,-0.0111,0.4945,0.5055
INDUSINDBK,2025-01-20,2025-01-20,0.0308,0.69,-0.0235,down,0,IndusInd Bank,INDUSINDBK.NS,Q3,FY25,False,-0.0081,0.496,0.504,0.1264,0.5632,0.4368,0.0025,0.5013,0.4987,-0.0149,0.4926,0.5074,-0.0248,0.4876,0.5124
INDUSINDBK,2025-04-20,2025-04-21,0.2205,1.16,-0.0056,flat,0,IndusInd Bank,INDUSINDBK.NS,Q4,FY26,False,0.0159,0.508,0.492,0.0488,0.5244,0.4756,0.0973,0.5486,0.4514,0.055,0.5275,0.4725,0.018,0.509,0.491
INDUSINDBK,2026-07-21,2026-07-21,0.0663,2.82,-0.0589,down,0,IndusInd Bank,INDUSINDBK.NS,Q1,FY27,False,0.0765,0.5382,0.4618,0.0809,0.5405,0.4595,-0.1144,0.4428,0.5572,-0.042,0.479,0.521,-0.0012,0.4994,0.5006
INDUSINDBK,2026-10-21,2026-10-21,0.0336,0.96,-0.0061,flat,0,IndusInd Bank,INDUSINDBK.NS,Q2,FY27,True,-0.0125,0.4938,0.5062,-0.0073,0.4963,0.5037,-0.0206,0.4897,0.5103,0.0685,0.5342,0.4658,0.0654,0.5327,0.4673
INDUSINDBK,2026-01-21,2026-01-21,-0.0395,0.68,-0.02,down,0,IndusInd Bank,INDUSINDBK.NS,Q3,FY26,False,-0.0119,0.4941,0.5059,-0.0013,0.4993,0.5007,0.0567,0.5283,0.4717,0.019,0.5095,0.4905,0.086,0.543,0.457
INDUSINDBK,2026-04-21,2026-04-21,0.0458,1.5,0.0577,up,1,IndusInd Bank,INDUSINDBK.NS,Q4,FY27,False,0.0048,0.5024,0.4976,0.0612,0.5306,0.4694,-0.0101,0.495,0.505,0.0405,0.5203,0.4797,0.0447,0.5224,0.4776
INDUSINDBK,2027-07-22,2027-07-22,0.0223,1.09,-0.0131,down,0,IndusInd Bank,INDUSINDBK.NS,Q1,FY28,True,-0.0973,0.4514,0.5486,0.0349,0.5174,0.4826,0.0118,0.5059,0.4941,0.0385,0.5192,0.4808,0.0182,0.5091,0.4909
INDUSINDBK,2027-10-22,2027-10-22,0.0059,1.19,-0.0164,down,0,IndusInd Bank,INDUSINDBK.NS,Q2,FY28,True,0.0511,0.5255,0.4745,0.0242,0.5121,0.4879,0.0506,0.5253,0.4747,-0.0478,0.4761,0.5239,-0.0302,0.4849,0.5151
INDUSINDBK,2027-01-22,2027-01-22,-0.0038,0.82,-0.0121,down,0,IndusInd Bank,INDUSINDBK.NS,Q3,FY27,True,0.0069,0.5035,0.4965,-0.028,0.486,0.514,0.0709,0.5355,0.4645,0.04,0.52,0.48,-0.001,0.4995,0.5005
INDUSINDBK,2027-04-22,2027-04-22,0.0041,1.0,0.0094,flat,1,IndusInd Bank,INDUSINDBK.NS,Q4,FY28,True,-0.0167,0.4917,0.5083,0.0337,0.5169,0.4831,0.0503,0.5251,0.4749,0.0042,0.5021,0.4979,0.075,0.5375,0.4625
FEDERALBNK,2022-07-22,2022-07-22,0.1049,0.38,-0.0314,down,0,Federal Bank,FEDERALBNK.NS,Q1,FY23,False,-0.0331,0.4835,0.5165,0.0968,0.5484,0.4516,0.0333,0.5167,0.4833,0.0414,0.5207,0.4793,0.0316,0.5158,0.4842
FEDERALBNK,2022-10-22,2022-10-24,0.0247,0.58,-0.0445,down,0,Federal Bank,FEDERALBNK.NS,Q2,FY23,False,0.041,0.5205,0.4795,0.0205,0.5103,0.4897,0.0475,0.5238,0.4762,-0.0293,0.4854,0.5146,0.0414,0.5207,0.4793
FEDERALBNK,2022-01-22,2022-01-24,-0.08,1.94,0.0647,up,1,Federal Bank,FEDERALBNK.NS,Q3,FY22,False,0.0903,0.5451,0.4549,-0.0136,0.4932,0.5068,0.045,0.5225,0.4775,0.0808,0.5404,0.4596,0.0378,0.5189,0.4811
FEDERALBNK,2022-04-22,2022-04-22,-0.0323,0.89,0.0067,flat,1,Federal Bank,FEDERALBNK.NS,Q4,FY23,False,0.0076,0.5038,0.4962,0.1799,0.59,0.41,0.0204,0.5102,0.4898,0.0742,0.5371,0.4629,0.0264,0.5132,0.4868
FEDERALBNK,2023-07-23,2023-07-24,0.0102,0.58,0.0086,flat,1,Federal Bank,FEDERALBNK.NS,Q1,FY24,False,-0.0715,0.4642,0.5358,-0.0053,0.4974,0.5026,0.077,0.5385,0.4615,0.0556,0.5278,0.4722,-0.0332,0.4834,0.5166
FEDERALBNK,2023-10-23,2023-10-23,-0.0347,0.76,-0.0087,flat,0,Federal Bank,FEDERALBNK.NS,Q2,FY24,False,-0.0081,0.4959,0.5041,-0.0146,0.4927,0.5073,-0.0547,0.4726,0.5274,0.0873,0.5437,0.4563,0.1119,0.5559,0.4441
FEDERALBNK,2023-01-23,2023-01-23,-0.0306,0.42,0.0138,up,1,Federal Bank,FEDERALBNK.NS,Q3,FY23,False,0.0445,0.5222,0.4778,0.0358,0.5179,0.4821,0.0965,0.5483,0.4517,-0.0365,0.4818,0.5182,-0.0219,0.4891,0.5109
FEDERALBNK,2023-04-23,2023-04-24,0.0057,1.23,0.0101,up,1,Federal Bank,FEDERALBNK.NS,Q4,FY24,False,0.0133,0.5067,0.4933,0.0374,0.5187,0.4813,0.0806,0.5403,0.4597,0.0456,0.5228,0.4772,-0.0009,0.4996,0.5004
FEDERALBNK,2024-07-24,2024-07-24,0.0301,1.35,-0.0212,down,0,Federal Bank,FEDERALBNK.NS,Q1,FY25,False,0.0952,0.5476,0.4524,-0.1367,0.4317,0.5683,0.0534,0.5267,0.4733,0.0067,0.5033,0.4967,-0.0595,0.4703,0.5297
FEDERALBNK,2024-10-24,2024-10-24,-0.0245,3.21,0.0876,up,1,Federal Bank,FEDERALBNK.NS,Q2,FY25,False,0.0296,0.5148,0.4852,-0.0649,0.4676,0.5324,0.0231,0.5116,0.4884,0.0712,0.5356,0.4644,0.0197,0.5099,0.4901
FEDERALBNK,2024-01-24,2024-01-24,-0.0501,0.6,0.0214,up,1,Federal Bank,FEDERALBNK.NS,Q3,FY24,False,-0.0514,0.4743,0.5257,0.1016,0.5508,0.4492,0.0605,0.5302,0.4698,0.0586,0.5293,0.4707,-0.0022,0.4989,0.5011
FEDERALBNK,2024-04-24,2024-04-24,0.0099,2.47,0.0828,up,1,Federal Bank,FEDERALBNK.NS,Q4,FY25,False,0.0062,0.5031,0.4969,0.0571,0.5286,0.4714,0.11,0.555,0.445,0.0666,0.5333,0.4667,0.112,0.556,0.444
FEDERALBNK,2025-07-20,2025-07-21,0.0105,0.99,-0.0155,down,0,Federal Bank,FEDERALBNK.NS,Q1,FY26,False,0.0081,0.5041,0.4959,0.0758,0.5379,0.4621,0.093,0.5465,0.4535,-0.0378,0.4811,0.5189,0.0779,0.539,0.461
FEDERALBNK,2025-10-20,2025-10-20,0.066,2.28,0.0347,up,1,Federal Bank,FEDERALBNK.NS,Q2,FY26,False,0.0534,0.5267,0.4733,0.0159,0.5079,0.4921,0.0241,0.512,0.488,0.0922,0.5461,0.4539,0.0672,0.5336,0.4664
FEDERALBNK,2025-01-20,2025-01-20,0.0336,1.22,0.0072,flat,1,Federal Bank,FEDERALBNK.NS,Q3,FY25,False,0.1044,0.5522,0.4478,0.0079,0.5039,0.4961,-0.0533,0.4734,0.5266,0.0382,0.5191,0.4809,0.0088,0.5044,0.4956
FEDERALBNK,2025-04-20,2025-04-21,0.0636,1.47,-0.0194,down,0,Federal Bank,FEDERALBNK.NS,Q4,FY26,False,0.0618,0.5309,0.4691,-0.0666,0.4667,0.5333,0.0257,0.5129,0.4871,-0.0014,0.4993,0.5007,0.0785,0.5393,0.4607
FEDERALBNK,2026-07-21,2026-07-21,0.0872,0.37,0.0117,up,1,Federal Bank,FEDERALBNK.NS,Q1,FY27,False,-0.0258,0.4871,0.5129,0.0328,0.5164,0.4836,0.0674,0.5337,0.4663,-0.0339,0.483,0.517,0.0247,0.5123,0.4877
FEDERALBNK,2026-10-21,2026-10-21,-0.0029,0.92,-0.031,down,0,Federal Bank,FEDERALBNK.NS,Q2,FY27,True,0.0409,0.5204,0.4796,-0.0053,0.4973,0.5027,0.0756,0.5378,0.4622,0.0335,0.5168,0.4832,0.0414,0.5207,0.4793
FEDERALBNK,2026-01-21,2026-01-21,0.1185,0.53,0.0313,up,1,Federal Bank,FEDERALBNK.NS,Q3,FY26,False,0.0256,0.5128,0.4872,0.0333,0.5166,0.4834,-0.0263,0.4869,0.5131,0.0115,0.5058,0.4942,0.0727,0.5364,0.4636
FEDERALBNK,2026-04-21,2026-04-21,0.0262,0.64,0.0062,flat,1,Federal Bank,FEDERALBNK.NS,Q4,FY27,False,0.0554,0.5277,0.4723,0.0714,0.5357,0.4643,0.0132,0.5066,0.4934,0.0153,0.5077,0.4923,0.0163,0.5081,0.4919
FEDERALBNK,2027-07-22,2027-07-22,0.0417,1.07,-0.0049,flat,0,Federal Bank,FEDERALBNK.NS,Q1,FY28,True,0.0175,0.5088,0.4912,0.0771,0.5386,0.4614,-0.012,0.494,0.506,-0.1126,0.4437,0.5563,0.0997,0.5499,0.4501
FEDERALBNK,2027-10-22,2027-10-22,-0.0344,1.04,0.012,up,1,Federal Bank,FEDERALBNK.NS,Q2,FY28,True,-0.0614,0.4693,0.5307,-0.0339,0.4831,0.5169,0.0614,0.5307,0.4693,0.019,0.5095,0.4905,0.0067,0.5033,0.4967
FEDERALBNK,2027-01-22,2027-01-22,0.0002,1.09,-0.0214,down,0,Federal Bank,FEDERALBNK.NS,Q3,FY27,True,0.0182,0.5091,0.4909,0.0087,0.5043,0.4957,-0.0296,0.4852,0.5148,0.0362,0.5181,0.4819,0.0089,0.5044,0.4956
FEDERALBNK,2027-04-22,2027-04-22,0.0269,1.15,0.0159,up,1,Federal Bank,FEDERALBNK.NS,Q4,FY28,True,0.0795,0.5397,0.4603,0.0548,0.5274,0.4726,0.0128,0.5064,0.4936,-0.0055,0.4973,0.5027,-0.0132,0.4934,0.5066
IDFCFIRSTB,2022-07-22,2022-07-22,0.072,0.89,0.0241,up,1,IDFC FIRST Bank,IDFCFIRSTB.NS,Q1,FY23,False,0.0496,0.5248,0.4752,0.0811,0.5405,0.4595,0.1698,0.5849,0.4151,0.05,0.525,0.475,-0.0011,0.4995,0.5005
IDFCFIRSTB,2022-10-22,2022-10-24,0.0278,0.71,-0.0513,down,0,IDFC FIRST Bank,IDFCFIRSTB.NS,Q2,FY23,False,-0.0085,0.4958,0.5042,0.0321,0.516,0.484,0.0272,0.5136,0.4864,0.0048,0.5024,0.4976,-0.0331,0.4834,0.5166
IDFCFIRSTB,2022-01-22,2022-01-24,-0.0908,1.47,0.0402,up,1,IDFC FIRST Bank,IDFCFIRSTB.NS,Q3,FY22,False,0.015,0.5075,0.4925,-0.043,0.4785,0.5215,0.0531,0.5265,0.4735,0.1132,0.5566,0.4434,0.0024,0.5012,0.4988
IDFCFIRSTB,2022-04-22,2022-04-22,-0.0314,0.91,-0.0097,flat,0,IDFC FIRST Bank,IDFCFIRSTB.NS,Q4,FY23,False,0.0486,0.5243,0.4757,0.0404,0.5202,0.4798,0.0584,0.5292,0.4708,0.1168,0.5584,0.4416,-0.0489,0.4755,0.5245
IDFCFIRSTB,2023-07-23,2023-07-24,0.0245,1.83,0.0377,up,1,IDFC FIRST Bank,IDFCFIRSTB.NS,Q1,FY24,False,0.078,0.539,0.461,0.0369,0.5185,0.4815,-0.01,0.495,0.505,-0.0291,0.4855,0.5145,0.0923,0.5461,0.4539
IDFCFIRSTB,2023-10-23,2023-10-23,-0.0495,1.96,-0.0329,down,0,IDFC FIRST Bank,IDFCFIRSTB.NS,Q2,FY24,False,0.0339,0.517,0.483,-0.0043,0.4978,0.5022,0.0505,0.5253,0.4747,-0.0024,0.4988,0.5012,0.0954,0.5477,0.4523
IDFCFIRSTB,2023-01-23,2023-01-23,-0.0206,1.64,0.0066,flat,1,IDFC FIRST Bank,IDFCFIRSTB.NS,Q3,FY23,False,0.0995,0.5498,0.4502,0.0703,0.5352,0.4648,0.0447,0.5223,0.4777,-0.0396,0.4802,0.5198,0.1011,0.5506,0.4494
IDFCFIRSTB,2023-04-23,2023-04-24,0.0562,1.98,0.0734,up,1,IDFC FIRST Bank,IDFCFIRSTB.NS,Q4,FY24,False,-0.0047,0.4977,0.5023,0.078,0.539,0.461,0.0224,0.5112,0.4888,-0.0805,0.4598,0.5402,-0.0025,0.4988,0.5012
IDFCFIRSTB,2024-07-24,2024-07-24,-0.0294,2.1,-0.0177,down,0,IDFC FIRST Bank,IDFCFIRSTB.NS,Q1,FY25,False,-0.0052,0.4974,0.5026,-0.0198,0.4901,0.5099,0.0368,0.5184,0.4816,0.0576,0.5288,0.4712,-0.057,0.4715,0.5285
IDFCFIRSTB,2024-10-24,2024-10-24,-0.0514,3.12,-0.0232,down,0,IDFC FIRST Bank,IDFCFIRSTB.NS,Q2,FY25,False,-0.0479,0.4761,0.5239,-0.0738,0.4631,0.5369,0.1117,0.5558,0.4442,-0.0121,0.4939,0.5061,0.0749,0.5374,0.4626
IDFCFIRSTB,2024-01-24,2024-01-24,-0.0985,0.96,0.0364,up,1,IDFC FIRST Bank,IDFCFIRSTB.NS,Q3,FY24,False,-0.0428,0.4786,0.5214,-0.0024,0.4988,0.5012,-0.0486,0.4757,0.5243,0.0866,0.5433,0.4567,0.103,0.5515,0.4485
IDFCFIRSTB,2024-04-24,2024-04-24,0.0079,1.6,-0.0326,down,0,IDFC FIRST Bank,IDFCFIRSTB.NS,Q4,FY25,False,0.0583,0.5292,0.4708,0.0079,0.504,0.496,0.022,0.511,0.489,0.098,0.549,0.451,0.056,0.528,0.472
IDFCFIRSTB,2025-07-20,2025-07-21,-0.0038,0.82,-0.0279,down,0,IDFC FIRST Bank,IDFCFIRSTB.NS,Q1,FY26,False,-0.0023,0.4988,0.5012,-0.013,0.4935,0.5065,-0.0263,0.4868,0.5132,0.1376,0.5688,0.4312,-0.0067,0.4966,0.5034
IDFCFIRSTB,2025-10-20,2025-10-20,0.0437,2.04,0.0259,up,1,IDFC FIRST Bank,IDFCFIRSTB.NS,Q2,FY26,False,-0.0285,0.4858,0.5142,0.0139,0.507,0.493,-0.0312,0.4844,0.5156,0.0139,0.507,0.493,-0.0458,0.4771,0.5229
IDFCFIRSTB,2025-01-20,2025-01-20,0.0757,1.44,-0.089,down,0,IDFC FIRST Bank,IDFCFIRSTB.NS,Q3,FY25,False,0.0265,0.5133,0.4867,-0.0105,0.4948,0.5052,-0.0015,0.4993,0.5007,0.0159,0.508,0.492,-0.0039,0.498,0.502
IDFCFIRSTB,2025-04-20,2025-04-21,0.1247,1.16,-0.0105,down,0,IDFC FIRST Bank,IDFCFIRSTB.NS,Q4,FY26,False,0.034,0.517,0.483,-0.0376,0.4812,0.5188,0.0519,0.526,0.474,0.0386,0.5193,0.4807,0.0943,0.5471,0.4529
IDFCFIRSTB,2026-07-21,2026-07-21,0.0302,3.32,0.0585,up,1,IDFC FIRST Bank,IDFCFIRSTB.NS,Q1,FY27,False,0.0349,0.5174,0.4826,0.0893,0.5446,0.4554,0.1032,0.5516,0.4484,0.0382,0.5191,0.4809,0.0908,0.5454,0.4546
IDFCFIRSTB,2026-10-21,2026-10-21,0.0321,0.83,0.0361,up,1,IDFC FIRST Bank,IDFCFIRSTB.NS,Q2,FY27,True,0.0268,0.5134,0.4866,-0.0112,0.4944,0.5056,0.0004,0.5002,0.4998,0.0475,0.5237,0.4763,-0.0275,0.4862,0.5138
IDFCFIRSTB,2026-01-21,2026-01-21,-0.0188,2.49,0.0137,up,1,IDFC FIRST Bank,IDFCFIRSTB.NS,Q3,FY26,False,-0.0331,0.4834,0.5166,0.0192,0.5096,0.4904,0.0853,0.5427,0.4573,0.0592,0.5296,0.4704,0.0023,0.5012,0.4988
IDFCFIRSTB,2026-04-21,2026-04-21,0.0475,1.09,0.035,up,1,IDFC FIRST Bank,IDFCFIRSTB.NS,Q4,FY27,False,0.0479,0.5239,0.4761,0.0991,0.5495,0.4505,0.0464,0.5232,0.4768,0.1009,0.5504,0.4496,0.0156,0.5078,0.4922
IDFCFIRSTB,2027-07-22,2027-07-22,-0.0158,0.96,-0.0037,flat,0,IDFC FIRST Bank,IDFCFIRSTB.NS,Q1,FY28,True,0.0294,0.5147,0.4853,0.0626,0.5313,0.4687,-0.0347,0.4827,0.5173,0.0377,0.5189,0.4811,-0.0214,0.4893,0.5107
IDFCFIRSTB,2027-10-22,2027-10-22,-0.027,1.05,0.0123,up,1,IDFC FIRST Bank,IDFCFIRSTB.NS,Q2,FY28,True,-0.0505,0.4747,0.5253,0.0636,0.5318,0.4682,0.0513,0.5256,0.4744,0.0372,0.5186,0.4814,0.0029,0.5014,0.4986
IDFCFIRSTB,2027-01-22,2027-01-22,-0.0144,1.27,-0.0309,down,0,IDFC FIRST Bank,IDFCFIRSTB.NS,Q3,FY27,True,0.0434,0.5217,0.4783,0.0765,0.5382,0.4618,0.0444,0.5222,0.4778,0.049,0.5245,0.4755,0.075,0.5375,0.4625
IDFCFIRSTB,2027-04-22,2027-04-22,0.0203,0.86,-0.0144,down,0,IDFC FIRST Bank,IDFCFIRSTB.NS,Q4,FY28,True,-0.0141,0.493,0.507,0.0621,0.5311,0.4689,0.0308,0.5154,0.4846,0.0955,0.5478,0.4522,0.0422,0.5211,0.4789
BANDHANBNK,2022-07-22,2022-07-22,0.0581,1.32,-0.0605,down,0,Bandhan Bank,BANDHANBNK.NS,Q1,FY23,False,0.0073,0.5036,0.4964,-0.0177,0.4911,0.5089,0.0149,0.5075,0.4925,0.0705,0.5352,0.4648,-0.0113,0.4944,0.5056
BANDHANBNK,2022-10-22,2022-10-24,-0.0009,3.53,-0.1445,down,0,Bandhan Bank,BANDHANBNK.NS,Q2,FY23,False,-0.0506,0.4747,0.5253,0.0661,0.533,0.467,0.1503,0.5751,0.4249,-0.0738,0.4631,0.5369,0.1566,0.5783,0.4217
BANDHANBNK,2022-01-22,2022-01-24,0.0221,1.39,0.0121,up,1,Bandhan Bank,BANDHANBNK.NS,Q3,FY22,False,-0.1229,0.4386,0.5614,0.0066,0.5033,0.4967,0.0484,0.5242,0.4758,0.0241,0.512,0.488,0.1456,0.5728,0.4272
BANDHANBNK,2022-04-22,2022-04-22,0.0126,0.85,0.0166,up,1,Bandhan Bank,BANDHANBNK.NS,Q4,FY23,False,0.0169,0.5085,0.4915,-0.0448,0.4776,0.5224,0.0214,0.5107,0.4893,0.0099,0.505,0.495,0.0855,0.5427,0.4573
BANDHANBNK,2023-07-23,2023-07-24,0.0153,0.85,0.0176,up,1,Bandhan Bank,BANDHANBNK.NS,Q1,FY24,False,0.0399,0.5199,0.4801,-0.0181,0.491,0.509,-0.0391,0.4805,0.5195,-0.0687,0.4656,0.5344,-0.0081,0.496,0.504
BANDHANBNK,2023-10-23,2023-10-23,-0.0934,0.75,-0.0218,down,0,Bandhan Bank,BANDHANBNK.NS,Q2,FY24,False,0.0145,0.5073,0.4927,0.037,0.5185,0.4815,0.0307,0.5153,0.4847,0.006,0.503,0.497,-0.0344,0.4828,0.5172
BANDHANBNK,2023-01-23,2023-01-23,0.0303,2.05,0.0101,up,1,Bandhan Bank,BANDHANBNK.NS,Q3,FY23,False,0.1122,0.5561,0.4439,0.0076,0.5038,0.4962,0.0168,0.5084,0.4916,-0.0423,0.4789,0.5211,0.0601,0.5301,0.4699
BANDHANBNK,2023-04-23,2023-04-24,0.0634,0.6,0.0323,up,1,Bandhan Bank,BANDHANBNK.NS,Q4,FY24,False,-0.0544,0.4728,0.5272,0.0631,0.5316,0.4684,-0.0123,0.4939,0.5061,-0.0208,0.4896,0.5104,0.0104,0.5052,0.4948
BANDHANBNK,2024-07-24,2024-07-24,-0.0521,2.97,0.1374,up,1,Bandhan Bank,BANDHANBNK.NS,Q1,FY25,False,-0.0469,0.4765,0.5235,-0.0041,0.498,0.502,0.1625,0.5813,0.4187,0.0272,0.5136,0.4864,0.1424,0.5712,0.4288
BANDHANBNK,2024-10-24,2024-10-24,-0.0501,1.29,0.0165,up,1,Bandhan Bank,BANDHANBNK.NS,Q2,FY25,False,-0.0003,0.4999,0.5001,0.0726,0.5363,0.4637,-0.056,0.472,0.528,0.0493,0.5246,0.4754,0.0362,0.5181,0.4819
BANDHANBNK,2024-01-24,2024-01-24,-0.0233,0.94,-0.0058,flat,0,Bandhan Bank,BANDHANBNK.NS,Q3,FY24,False,-0.0294,0.4853,0.5147,0.0959,0.548,0.452,-0.1087,0.4456,0.5544,0.0039,0.502,0.498,-0.0471,0.4765,0.5235
BANDHANBNK,2024-04-24,2024-04-24,0.0575,0.98,0.0266,up,1,Bandhan Bank,BANDHANBNK.NS,Q4,FY25,False,0.0399,0.5199,0.4801,0.0128,0.5064,0.4936,-0.0031,0.4985,0.5015,-0.0093,0.4953,0.5047,0.0008,0.5004,0.4996
BANDHANBNK,2025-07-20,2025-07-21,0.0406,0.89,-0.0233,down,0,Bandhan Bank,BANDHANBNK.NS,Q1,FY26,False,0.1084,0.5542,0.4458,0.0352,0.5176,0.4824,0.0043,0.5022,0.4978,-0.0304,0.4848,0.5152,0.0026,0.5013,0.4987
BANDHANBNK,2025-10-20,2025-10-20,-0.0088,1.16,0.0481,up,1,Bandhan Bank,BANDHANBNK.NS,Q2,FY26,False,0.0271,0.5136,0.4864,0.0099,0.5049,0.4951,0.0328,0.5164,0.4836,-0.0566,0.4717,0.5283,0.0155,0.5077,0.4923
BANDHANBNK,2025-01-20,2025-01-20,0.1073,0.58,0.0028,flat,1,Bandhan Bank,BANDHANBNK.NS,Q3,FY25,False,-0.0298,0.4851,0.5149,0.0543,0.5272,0.4728,0.0541,0.527,0.473,0.1349,0.5675,0.4325,0.1374,0.5687,0.4313
BANDHANBNK,2025-04-20,2025-04-21,0.1435,1.5,-0.0303,down,0,Bandhan Bank,BANDHANBNK.NS,Q4,FY26,False,0.1502,0.5751,0.4249,0.044,0.522,0.478,0.011,0.5055,0.4945,0.0062,0.5031,0.4969,0.04,0.52,0.48
BANDHANBNK,2026-07-21,2026-07-21,0.0046,4.32,-0.1831,down,0,Bandhan Bank,BANDHANBNK.NS,Q1,FY27,False,-0.0112,0.4944,0.5056,-0.0565,0.4718,0.5282,0.0307,0.5154,0.4846,0.0403,0.5202,0.4798,0.0482,0.5241,0.4759
BANDHANBNK,2026-10-21,2026-10-21,-0.0281,1.07,-0.004,flat,0,Bandhan Bank,BANDHANBNK.NS,Q2,FY27,True,0.0298,0.5149,0.4851,-0.0124,0.4938,0.5062,0.014,0.507,0.493,0.0152,0.5076,0.4924,0.0137,0.5069,0.4931
BANDHANBNK,2026-01-21,2026-01-21,-0.0505,3.9,0.0911,up,1,Bandhan Bank,BANDHANBNK.NS,Q3,FY26,False,0.1103,0.5551,0.4449,0.0991,0.5495,0.4505,-0.049,0.4755,0.5245,0.0698,0.5349,0.4651,-0.0481,0.4759,0.5241
BANDHANBNK,2026-04-21,2026-04-21,0.0564,1.22,0.0379,up,1,Bandhan Bank,BANDHANBNK.NS,Q4,FY27,False,-0.0196,0.4902,0.5098,0.1239,0.5619,0.4381,0.0504,0.5252,0.4748,-0.0112,0.4944,0.5056,0.052,0.526,0.474
BANDHANBNK,2027-07-22,2027-07-22,-0.0207,0.84,0.0027,flat,1,Bandhan Bank,BANDHANBNK.NS,Q1,FY28,True,0.0736,0.5368,0.4632,0.0223,0.5112,0.4888,-0.0657,0.4672,0.5328,0.0745,0.5372,0.4628,0.0626,0.5313,0.4687
BANDHANBNK,2027-10-22,2027-10-22,0.009,1.09,0.0153,up,1,Bandhan Bank,BANDHANBNK.NS,Q2,FY28,True,-0.0068,0.4966,0.5034,-0.0741,0.4629,0.5371,-0.0649,0.4675,0.5325,0.0828,0.5414,0.4586,0.0556,0.5278,0.4722
BANDHANBNK,2027-01-22,2027-01-22,0.0099,0.93,-0.0176,down,0,Bandhan Bank,BANDHANBNK.NS,Q3,FY27,True,0.038,0.519,0.481,-0.0183,0.4908,0.5092,0.0269,0.5135,0.4865,0.0501,0.525,0.475,-0.027,0.4865,0.5135
BANDHANBNK,2027-04-22,2027-04-22,-0.0198,1.14,0.051,up,1,Bandhan Bank,BANDHANBNK.NS,Q4,FY28,True,0.092,0.546,0.454,0.1352,0.5676,0.4324,0.0396,0.5198,0.4802,-0.0291,0.4855,0.5145,0.0038,0.5019,0.4981
RBLBANK,2022-07-22,2022-07-22,0.1258,0.9,-0.0257,down,0,RBL Bank,RBLBANK.NS,Q1,FY23,False,0.0015,0.5007,0.4993,0.0305,0.5153,0.4847,-0.0124,0.4938,0.5062,0.0548,0.5274,0.4726,-0.0152,0.4924,0.5076
RBLBANK,2022-10-22,2022-10-24,0.002,2.49,0.0363,up,1,RBL Bank,RBLBANK.NS,Q2,FY23,False,0.048,0.524,0.476,-0.0103,0.4949,0.5051,0.0019,0.5009,0.4991,0.0146,0.5073,0.4927,0.0925,0.5462,0.4538
RBLBANK,2022-01-22,2022-01-24,-0.1124,1.53,0.0665,up,1,RBL Bank,RBLBANK.NS,Q3,FY22,False,-0.0434,0.4783,0.5217,-0.0945,0.4528,0.5472,0.062,0.531,0.469,-0.0481,0.4759,0.5241,-0.0452,0.4774,0.5226
RBLBANK,2022-04-22,2022-04-22,-0.0519,0.83,-0.0274,down,0,RBL Bank,RBLBANK.NS,Q4,FY23,False,-0.0684,0.4658,0.5342,0.0068,0.5034,0.4966,0.0137,0.5068,0.4932,0.0988,0.5494,0.4506,-0.0972,0.4514,0.5486
RBLBANK,2023-07-23,2023-07-24,-0.0205,1.55,0.0222,up,1,RBL Bank,RBLBANK.NS,Q1,FY24,False,0.0655,0.5328,0.4672,-0.0084,0.4958,0.5042,0.0736,0.5368,0.4632,0.0345,0.5173,0.4827,0.0851,0.5426,0.4574
RBLBANK,2023-10-23,2023-10-23,-0.0542,3.3,-0.0331,down,0,RBL Bank,RBLBANK.NS,Q2,FY24,False,-0.004,0.498,0.502,0.089,0.5445,0.4555,-0.0435,0.4782,0.5218,0.0727,0.5363,0.4637,0.0488,0.5244,0.4756
RBLBANK,2023-01-23,2023-01-23,-0.0464,1.54,-0.0444,down,0,RBL Bank,RBLBANK.NS,Q3,FY23,False,0.0316,0.5158,0.4842,0.0615,0.5307,0.4693,-0.0266,0.4867,0.5133,0.0491,0.5245,0.4755,-0.0125,0.4937,0.5063
RBLBANK,2023-04-23,2023-04-24,-0.0185,1.04,-0.0023,flat,0,RBL Bank,RBLBANK.NS,Q4,FY24,False,-0.0322,0.4839,0.5161,0.0164,0.5082,0.4918,-0.0174,0.4913,0.5087,0.0494,0.5247,0.4753,0.067,0.5335,0.4665
RBLBANK,2024-07-24,2024-07-24,-0.0242,2.11,-0.0271,down,0,RBL Bank,RBLBANK.NS,Q1,FY25,False,-0.0072,0.4964,0.5036,-0.0032,0.4984,0.5016,0.0176,0.5088,0.4912,-0.026,0.487,0.513,0.0026,0.5013,0.4987
RBLBANK,2024-10-24,2024-10-24,-0.1804,0.46,0.031,up,1,RBL Bank,RBLBANK.NS,Q2,FY25,False,0.0361,0.518,0.482,-0.0673,0.4663,0.5337,-0.0306,0.4847,0.5153,-0.0452,0.4774,0.5226,-0.0267,0.4866,0.5134
RBLBANK,2024-01-24,2024-01-24,-0.1154,0.76,0.0146,up,1,RBL Bank,RBLBANK.NS,Q3,FY24,False,0.0221,0.5111,0.4889,0.0676,0.5338,0.4662,-0.01,0.495,0.505,0.0842,0.5421,0.4579,0.0078,0.5039,0.4961
RBLBANK,2024-04-24,2024-04-24,0.0755,1.5,0.0073,flat,1,RBL Bank,RBLBANK.NS,Q4,FY25,False,0.0492,0.5246,0.4754,-0.0232,0.4884,0.5116,0.12,0.56,0.44,0.0709,0.5354,0.4646,0.0111,0.5055,0.4945
RBLBANK,2025-07-20,2025-07-21,-0.0086,0.83,-0.0138,down,0,RBL Bank,RBLBANK.NS,Q1,FY26,False,-0.0395,0.4802,0.5198,0.0784,0.5392,0.4608,0.0171,0.5086,0.4914,-0.014,0.493,0.507,0.009,0.5045,0.4955
RBLBANK,2025-10-20,2025-10-20,0.1264,1.13,-0.0083,flat,0,RBL Bank,RBLBANK.NS,Q2,FY26,False,0.014,0.507,0.493,0.0806,0.5403,0.4597,0.0604,0.5302,0.4698,0.0349,0.5175,0.4825,0.0703,0.5351,0.4649
RBLBANK,2025-01-20,2025-01-20,0.0583,2.46,-0.0301,down,0,RBL Bank,RBLBANK.NS,Q3,FY25,False,0.016,0.508,0.492,-0.0041,0.4979,0.5021,0.058,0.529,0.471,0.0203,0.5101,0.4899,-0.0995,0.4503,0.5497
RBLBANK,2025-04-20,2025-04-21,0.1385,8.54,0.0701,up,1,RBL Bank,RBLBANK.NS,Q4,FY26,False,-0.0029,0.4986,0.5014,0.1193,0.5597,0.4403,0.1031,0.5515,0.4485,0.0668,0.5334,0.4666,0.0735,0.5367,0.4633
RBLBANK,2026-07-21,2026-07-21,-0.0284,0.38,0.0021,flat,1,RBL Bank,RBLBANK.NS,Q1,FY27,False,-0.0326,0.4837,0.5163,0.0161,0.508,0.492,-0.0177,0.4911,0.5089,0.0491,0.5246,0.4754,0.0667,0.5333,0.4667
RBLBANK,2026-10-21,2026-10-21,0.0272,0.92,-0.032,down,0,RBL Bank,RBLBANK.NS,Q2,FY27,True,-0.0385,0.4808,0.5192,-0.0383,0.4808,0.5192,0.0128,0.5064,0.4936,0.022,0.511,0.489,0.0459,0.5229,0.4771
RBLBANK,2026-01-21,2026-01-21,-0.0465,0.48,-0.0148,down,0,RBL Bank,RBLBANK.NS,Q3,FY26,False,-0.007,0.4965,0.5035,-0.001,0.4995,0.5005,0.0288,0.5144,0.4856,0.0243,0.5122,0.4878,-0.0313,0.4843,0.5157
RBLBANK,2026-04-21,2026-04-21,0.0136,2.43,0.0247,up,1,RBL Bank,RBLBANK.NS,Q4,FY27,False,0.0037,0.5019,0.4981,0.0339,0.5169,0.4831,0.0728,0.5364,0.4636,0.0489,0.5244,0.4756,0.0356,0.5178,0.4822
RBLBANK,2027-07-22,2027-07-22,0.0204,1.32,0.0265,up,1,RBL Bank,RBLBANK.NS,Q1,FY28,True,-0.021,0.4895,0.5105,-0.0017,0.4991,0.5009,0.1111,0.5555,0.4445,0.0,0.5,0.5,0.0497,0.5249,0.4751
RBLBANK,2027-10-22,2027-10-22,-0.0138,0.92,0.0054,flat,1,RBL Bank,RBLBANK.NS,Q2,FY28,True,0.0526,0.5263,0.4737,-0.007,0.4965,0.5035,0.0545,0.5273,0.4727,0.0742,0.5371,0.4629,0.0583,0.5292,0.4708
RBLBANK,2027-01-22,2027-01-22,0.0095,1.16,-0.002,flat,0,RBL Bank,RBLBANK.NS,Q3,FY27,True,0.0843,0.5422,0.4578,-0.0113,0.4944,0.5056,0.0192,0.5096,0.4904,-0.0493,0.4754,0.5246,0.0568,0.5284,0.4716
RBLBANK,2027-04-22,2027-04-22,-0.0013,1.45,-0.0116,down,0,RBL Bank,RBLBANK.NS,Q4,FY28,True,0.0957,0.5479,0.4521,0.1028,0.5514,0.4486,-0.0048,0.4976,0.5024,0.0789,0.5394,0.4606,-0.0129,0.4936,0.5064
CUB,2022-07-22,2022-07-22,0.0825,1.02,-0.0458,down,0,City Union Bank,CUB.NS,Q1,FY23,False,0.0378,0.5189,0.4811,-0.094,0.453,0.547,0.0843,0.5421,0.4579,-0.0085,0.4957,0.5043,0.026,0.513,0.487
CUB,2022-10-22,2022-10-24,-0.0313,0.46,-0.0303,down,0,City Union Bank,CUB.NS,Q2,FY23,False,-0.051,0.4745,0.5255,0.0201,0.5101,0.4899,0.0044,0.5022,0.4978,0.0473,0.5236,0.4764,0.0223,0.5111,0.4889
CUB,2022-01-22,2022-01-24,-0.0507,1.13,0.0201,up,1,City Union Bank,CUB.NS,Q3,FY22,False,0.0467,0.5234,0.4766,0.0651,0.5326,0.4674,-0.0396,0.4802,0.5198,-0.0386,0.4807,0.5193,-0.0147,0.4927,0.5073
CUB,2022-04-22,2022-04-22,-0.0312,1.54,0.0192,up,1,City Union Bank,CUB.NS,Q4,FY23,False,0.0357,0.5179,0.4821,-0.0048,0.4976,0.5024,0.0167,0.5083,0.4917,-0.014,0.493,0.507,-0.035,0.4825,0.5175
CUB,2023-07-23,2023-07-24,-0.0057,1.15,0.0173,up,1,City Union Bank,CUB.NS,Q1,FY24,False,0.0508,0.5254,0.4746,0.0692,0.5346,0.4654,-0.0355,0.4823,0.5177,-0.0345,0.4827,0.5173,-0.0106,0.4947,0.5053
CUB,2023-10-23,2023-10-23,-0.0615,1.25,0.0695,up,1,City Union Bank,CUB.NS,Q2,FY24,False,0.0279,0.514,0.486,0.0738,0.5369,0.4631,-0.0145,0.4927,0.5073,0.0596,0.5298,0.4702,0.0157,0.5079,0.4921
CUB,2023-01-23,2023-01-23,-0.042,0.65,0.0265,up,1,City Union Bank,CUB.NS,Q3,FY23,False,0.1022,0.5511,0.4489,-0.0936,0.4532,0.5468,-0.0065,0.4968,0.5032,0.0603,0.5302,0.4698,0.0632,0.5316,0.4684
CUB,2023-04-23,2023-04-24,0.0346,1.87,0.0393,up,1,City Union Bank,CUB.NS,Q4,FY24,False,0.0423,0.5211,0.4789,-0.0293,0.4853,0.5147,0.0752,0.5376,0.4624,0.0992,0.5496,0.4504,-0.0059,0.4971,0.5029
CUB,2024-07-24,2024-07-24,0.0071,3.15,0.05,up,1,City Union Bank,CUB.NS,Q1,FY25,False,-0.0618,0.4691,0.5309,0.0611,0.5305,0.4695,0.1151,0.5576,0.4424,0.0524,0.5262,0.4738,0.011,0.5055,0.4945
CUB,2024-10-24,2024-10-24,0.1069,0.45,0.0435,up,1,City Union Bank,CUB.NS,Q2,FY25,False,-0.0203,0.4899,0.5101,0.0248,0.5124,0.4876,0.1095,0.5547,0.4453,-0.0098,0.4951,0.5049,0.0161,0.5081,0.4919
CUB,2024-01-24,2024-01-24,-0.0709,0.73,0.0191,up,1,City Union Bank,CUB.NS,Q3,FY24,False,-0.0264,0.4868,0.5132,0.0848,0.5424,0.4576,0.1,0.55,0.45,0.0231,0.5115,0.4885,0.061,0.5305,0.4695
CUB,2024-04-24,2024-04-24,0.015,1.4,0.0318,up,1,City Union Bank,CUB.NS,Q4,FY25,False,0.073,0.5365,0.4635,0.0004,0.5002,0.4998,0.0644,0.5322,0.4678,0.0925,0.5463,0.4537,0.0765,0.5383,0.4617
CUB,2025-07-20,2025-07-21,-0.0075,1.02,-0.0193,down,0,City Union Bank,CUB.NS,Q1,FY26,False,0.0163,0.5082,0.4918,0.0026,0.5013,0.4987,0.0094,0.5047,0.4953,0.1156,0.5578,0.4422,0.0305,0.5152,0.4848
CUB,2025-10-20,2025-10-20,0.0398,2.39,0.0534,up,1,City Union Bank,CUB.NS,Q2,FY26,False,0.04,0.52,0.48,0.0333,0.5166,0.4834,0.0168,0.5084,0.4916,0.1282,0.5641,0.4359,-0.0019,0.4991,0.5009
CUB,2025-01-20,2025-01-20,0.075,1.17,-0.0394,down,0,City Union Bank,CUB.NS,Q3,FY25,False,-0.0215,0.4892,0.5108,-0.033,0.4835,0.5165,0.0314,0.5157,0.4843,0.0347,0.5173,0.4827,0.002,0.501,0.499
CUB,2025-04-20,2025-04-21,0.1229,0.82,-0.0135,down,0,City Union Bank,CUB.NS,Q4,FY26,False,0.1673,0.5836,0.4164,-0.0986,0.4507,0.5493,0.073,0.5365,0.4635,0.123,0.5615,0.4385,0.0144,0.5072,0.4928
CUB,2026-07-21,2026-07-21,0.0385,3.49,0.0445,up,1,City Union Bank,CUB.NS,Q1,FY27,False,-0.0288,0.4856,0.5144,0.1121,0.5561,0.4439,0.0737,0.5369,0.4631,-0.089,0.4555,0.5445,0.058,0.529,0.471
CUB,2026-10-21,2026-10-21,-0.0174,1.11,0.0309,up,1,City Union Bank,CUB.NS,Q2,FY27,True,-0.0265,0.4867,0.5133,0.0078,0.5039,0.4961,-0.0237,0.4882,0.5118,0.0738,0.5369,0.4631,-0.0191,0.4904,0.5096
CUB,2026-01-21,2026-01-21,0.0118,1.27,0.0323,up,1,City Union Bank,CUB.NS,Q3,FY26,False,-0.0006,0.4997,0.5003,0.0111,0.5056,0.4944,0.1007,0.5503,0.4497,0.1296,0.5648,0.4352,0.0593,0.5296,0.4704
CUB,2026-04-21,2026-04-21,0.062,1.5,0.0641,up,1,City Union Bank,CUB.NS,Q4,FY27,False,0.1181,0.5591,0.4409,0.0145,0.5072,0.4928,0.0121,0.506,0.494,-0.0257,0.4872,0.5128,0.0987,0.5494,0.4506
CUB,2027-07-22,2027-07-22,0.0135,1.03,-0.0102,down,0,City Union Bank,CUB.NS,Q1,FY28,True,0.0235,0.5117,0.4883,0.0902,0.5451,0.4549,0.0704,0.5352,0.4648,0.0123,0.5061,0.4939,0.0749,0.5375,0.4625
CUB,2027-10-22,2027-10-22,-0.0049,1.17,-0.003,flat,0,City Union Bank,CUB.NS,Q2,FY28,True,-0.0355,0.4823,0.5177,0.0695,0.5347,0.4653,0.1371,0.5685,0.4315,0.0084,0.5042,0.4958,0.0694,0.5347,0.4653
CUB,2027-01-22,2027-01-22,0.0075,1.1,0.0237,up,1,City Union Bank,CUB.NS,Q3,FY27,True,-0.012,0.494,0.506,0.0839,0.542,0.458,-0.0336,0.4832,0.5168,0.1005,0.5503,0.4497,0.0196,0.5098,0.4902
CUB,2027-04-22,2027-04-22,0.0052,0.87,-0.0224,down,0,City Union Bank,CUB.NS,Q4,FY28,True,0.0511,0.5255,0.4745,0.1064,0.5532,0.4468,-0.0314,0.4843,0.5157,0.0533,0.5266,0.4734,0.003,0.5015,0.4985
